month,city,market,month_on_month,yoy,year_avg,methodology,source_url
2019-01,上海,secondhand,100.0,97.2,137.5,current_cirea_legacy_doc,https://cirea-net.oss-cn-beijing.aliyuncs.com/gjs/upload/file/202305/70-city-secondhand-2019-2022.doc
2019-01,北京,secondhand,99.9,98.6,145.2,current_cirea_legacy_doc,https://cirea-net.oss-cn-beijing.aliyuncs.com/gjs/upload/file/202305/70-city-secondhand-2019-2022.doc
2019-01,深圳,secondhand,99.7,103.6,150.5,current_cirea_legacy_doc,https://cirea-net.oss-cn-beijing.aliyuncs.com/gjs/upload/file/202305/70-city-secondhand-2019-2022.doc
2019-01,重庆,secondhand,100.4,109.5,126.7,current_cirea_legacy_doc,https://cirea-net.oss-cn-beijing.aliyuncs.com/gjs/upload/file/202305/70-city-secondhand-2019-2022.doc
2019-02,上海,secondhand,99.9,97.5,137.4,current_cirea_legacy_doc,https://cirea-net.oss-cn-beijing.aliyuncs.com/gjs/upload/file/202305/70-city-secondhand-2019-2022.doc
2019-02,北京,secondhand,100.2,99.3,145.4,current_cirea_legacy_doc,https://cirea-net.oss-cn-beijing.aliyuncs.com/gjs/upload/file/202305/70-city-secondhand-2019-2022.doc
2019-02,深圳,secondhand,100.5,102.9,151.3,current_cirea_legacy_doc,https://cirea-net.oss-cn-beijing.aliyuncs.com/gjs/upload/file/202305/70-city-secondhand-2019-2022.doc
2019-02,重庆,secondhand,100.3,109.7,127.1,current_cirea_legacy_doc,https://cirea-net.oss-cn-beijing.aliyuncs.com/gjs/upload/file/202305/70-city-secondhand-2019-2022.doc
2019-03,上海,secondhand,100.3,98.4,137.9,current_cirea_legacy_doc,https://cirea-net.oss-cn-beijing.aliyuncs.com/gjs/upload/file/202305/70-city-secondhand-2019-2022.doc
2019-03,北京,secondhand,100.4,99.9,146.0,current_cirea_legacy_doc,https://cirea-net.oss-cn-beijing.aliyuncs.com/gjs/upload/file/202305/70-city-secondhand-2019-2022.doc
2019-03,深圳,secondhand,100.7,102.9,152.4,current_cirea_legacy_doc,https://cirea-net.oss-cn-beijing.aliyuncs.com/gjs/upload/file/202305/70-city-secondhand-2019-2022.doc
2019-03,重庆,secondhand,100.1,109.4,127.2,current_cirea_legacy_doc,https://cirea-net.oss-cn-beijing.aliyuncs.com/gjs/upload/file/202305/70-city-secondhand-2019-2022.doc
2019-04,上海,secondhand,100.5,99.0,138.5,current_cirea_legacy_doc,https://cirea-net.oss-cn-beijing.aliyuncs.com/gjs/upload/file/202305/70-city-secondhand-2019-2022.doc
2019-04,北京,secondhand,100.6,100.6,146.9,current_cirea_legacy_doc,https://cirea-net.oss-cn-beijing.aliyuncs.com/gjs/upload/file/202305/70-city-secondhand-2019-2022.doc
2019-04,深圳,secondhand,101.1,103.8,154.0,current_cirea_legacy_doc,https://cirea-net.oss-cn-beijing.aliyuncs.com/gjs/upload/file/202305/70-city-secondhand-2019-2022.doc
2019-04,重庆,secondhand,100.8,109.3,128.3,current_cirea_legacy_doc,https://cirea-net.oss-cn-beijing.aliyuncs.com/gjs/upload/file/202305/70-city-secondhand-2019-2022.doc
2019-05,上海,secondhand,100.1,99.4,138.6,current_cirea_legacy_doc,https://cirea-net.oss-cn-beijing.aliyuncs.com/gjs/upload/file/202305/70-city-secondhand-2019-2022.doc
2019-05,北京,secondhand,100.0,100.2,146.9,current_cirea_legacy_doc,https://cirea-net.oss-cn-beijing.aliyuncs.com/gjs/upload/file/202305/70-city-secondhand-2019-2022.doc
2019-05,深圳,secondhand,100.0,103.0,154.1,current_cirea_legacy_doc,https://cirea-net.oss-cn-beijing.aliyuncs.com/gjs/upload/file/202305/70-city-secondhand-2019-2022.doc
2019-05,重庆,secondhand,100.3,108.6,128.6,current_cirea_legacy_doc,https://cirea-net.oss-cn-beijing.aliyuncs.com/gjs/upload/file/202305/70-city-secondhand-2019-2022.doc
2019-06,上海,secondhand,99.9,99.7,138.5,current_cirea_legacy_doc,https://cirea-net.oss-cn-beijing.aliyuncs.com/gjs/upload/file/202305/70-city-secondhand-2019-2022.doc
2019-06,北京,secondhand,100.0,100.1,146.9,current_cirea_legacy_doc,https://cirea-net.oss-cn-beijing.aliyuncs.com/gjs/upload/file/202305/70-city-secondhand-2019-2022.doc
2019-06,深圳,secondhand,99.9,102.6,153.9,current_cirea_legacy_doc,https://cirea-net.oss-cn-beijing.aliyuncs.com/gjs/upload/file/202305/70-city-secondhand-2019-2022.doc
2019-06,重庆,secondhand,100.6,107.8,129.4,current_cirea_legacy_doc,https://cirea-net.oss-cn-beijing.aliyuncs.com/gjs/upload/file/202305/70-city-secondhand-2019-2022.doc
2019-07,上海,secondhand,100.4,100.2,139.1,current_cirea_legacy_doc,https://cirea-net.oss-cn-beijing.aliyuncs.com/gjs/upload/file/202305/70-city-secondhand-2019-2022.doc
2019-07,北京,secondhand,99.7,99.5,146.5,current_cirea_legacy_doc,https://cirea-net.oss-cn-beijing.aliyuncs.com/gjs/upload/file/202305/70-city-secondhand-2019-2022.doc
2019-07,深圳,secondhand,100.7,102.6,154.9,current_cirea_legacy_doc,https://cirea-net.oss-cn-beijing.aliyuncs.com/gjs/upload/file/202305/70-city-secondhand-2019-2022.doc
2019-07,重庆,secondhand,100.2,106.8,129.6,current_cirea_legacy_doc,https://cirea-net.oss-cn-beijing.aliyuncs.com/gjs/upload/file/202305/70-city-secondhand-2019-2022.doc
2019-08,上海,secondhand,100.0,100.3,139.0,current_cirea_legacy_doc,https://cirea-net.oss-cn-beijing.aliyuncs.com/gjs/upload/file/202305/70-city-secondhand-2019-2022.doc
2019-08,北京,secondhand,99.6,99.1,145.9,current_cirea_legacy_doc,https://cirea-net.oss-cn-beijing.aliyuncs.com/gjs/upload/file/202305/70-city-secondhand-2019-2022.doc
2019-08,深圳,secondhand,100.2,101.7,155.2,current_cirea_legacy_doc,https://cirea-net.oss-cn-beijing.aliyuncs.com/gjs/upload/file/202305/70-city-secondhand-2019-2022.doc
2019-08,重庆,secondhand,99.6,104.6,129.1,current_cirea_legacy_doc,https://cirea-net.oss-cn-beijing.aliyuncs.com/gjs/upload/file/202305/70-city-secondhand-2019-2022.doc
2019-09,上海,secondhand,100.6,101.0,139.8,current_cirea_legacy_doc,https://cirea-net.oss-cn-beijing.aliyuncs.com/gjs/upload/file/202305/70-city-secondhand-2019-2022.doc
2019-09,北京,secondhand,99.5,98.8,145.2,current_cirea_legacy_doc,https://cirea-net.oss-cn-beijing.aliyuncs.com/gjs/upload/file/202305/70-city-secondhand-2019-2022.doc
2019-09,深圳,secondhand,101.3,103.0,157.2,current_cirea_legacy_doc,https://cirea-net.oss-cn-beijing.aliyuncs.com/gjs/upload/file/202305/70-city-secondhand-2019-2022.doc
2019-09,重庆,secondhand,99.4,103.1,128.3,current_cirea_legacy_doc,https://cirea-net.oss-cn-beijing.aliyuncs.com/gjs/upload/file/202305/70-city-secondhand-2019-2022.doc
2019-10,上海,secondhand,99.8,101.1,139.6,current_cirea_legacy_doc,https://cirea-net.oss-cn-beijing.aliyuncs.com/gjs/upload/file/202305/70-city-secondhand-2019-2022.doc
2019-10,北京,secondhand,99.4,98.5,144.3,current_cirea_legacy_doc,https://cirea-net.oss-cn-beijing.aliyuncs.com/gjs/upload/file/202305/70-city-secondhand-2019-2022.doc
2019-10,深圳,secondhand,101.0,104.7,158.9,current_cirea_legacy_doc,https://cirea-net.oss-cn-beijing.aliyuncs.com/gjs/upload/file/202305/70-city-secondhand-2019-2022.doc
2019-10,重庆,secondhand,99.8,102.4,128.0,current_cirea_legacy_doc,https://cirea-net.oss-cn-beijing.aliyuncs.com/gjs/upload/file/202305/70-city-secondhand-2019-2022.doc
2019-11,上海,secondhand,100.0,101.2,139.5,current_cirea_legacy_doc,https://cirea-net.oss-cn-beijing.aliyuncs.com/gjs/upload/file/202305/70-city-secondhand-2019-2022.doc
2019-11,北京,secondhand,99.6,98.7,143.7,current_cirea_legacy_doc,https://cirea-net.oss-cn-beijing.aliyuncs.com/gjs/upload/file/202305/70-city-secondhand-2019-2022.doc
2019-11,深圳,secondhand,101.4,106.4,161.1,current_cirea_legacy_doc,https://cirea-net.oss-cn-beijing.aliyuncs.com/gjs/upload/file/202305/70-city-secondhand-2019-2022.doc
2019-11,重庆,secondhand,100.5,102.5,128.7,current_cirea_legacy_doc,https://cirea-net.oss-cn-beijing.aliyuncs.com/gjs/upload/file/202305/70-city-secondhand-2019-2022.doc
2019-12,上海,secondhand,99.8,101.3,139.3,current_cirea_legacy_doc,https://cirea-net.oss-cn-beijing.aliyuncs.com/gjs/upload/file/202305/70-city-secondhand-2019-2022.doc
2019-12,北京,secondhand,100.6,99.5,144.6,current_cirea_legacy_doc,https://cirea-net.oss-cn-beijing.aliyuncs.com/gjs/upload/file/202305/70-city-secondhand-2019-2022.doc
2019-12,深圳,secondhand,101.0,107.8,162.7,current_cirea_legacy_doc,https://cirea-net.oss-cn-beijing.aliyuncs.com/gjs/upload/file/202305/70-city-secondhand-2019-2022.doc
2019-12,重庆,secondhand,99.7,101.7,128.3,current_cirea_legacy_doc,https://cirea-net.oss-cn-beijing.aliyuncs.com/gjs/upload/file/202305/70-city-secondhand-2019-2022.doc
2020-01,上海,secondhand,100.2,101.4,139.5,current_cirea_legacy_doc,https://cirea-net.oss-cn-beijing.aliyuncs.com/gjs/upload/file/202305/70-city-secondhand-2019-2022.doc
2020-01,北京,secondhand,100.4,100.0,145.1,current_cirea_legacy_doc,https://cirea-net.oss-cn-beijing.aliyuncs.com/gjs/upload/file/202305/70-city-secondhand-2019-2022.doc
2020-01,深圳,secondhand,100.7,108.8,163.8,current_cirea_legacy_doc,https://cirea-net.oss-cn-beijing.aliyuncs.com/gjs/upload/file/202305/70-city-secondhand-2019-2022.doc
2020-01,重庆,secondhand,99.6,100.9,127.8,current_cirea_legacy_doc,https://cirea-net.oss-cn-beijing.aliyuncs.com/gjs/upload/file/202305/70-city-secondhand-2019-2022.doc
2020-02,上海,secondhand,100.2,101.6,139.7,current_cirea_legacy_doc,https://cirea-net.oss-cn-beijing.aliyuncs.com/gjs/upload/file/202305/70-city-secondhand-2019-2022.doc
2020-02,北京,secondhand,99.8,99.6,144.7,current_cirea_legacy_doc,https://cirea-net.oss-cn-beijing.aliyuncs.com/gjs/upload/file/202305/70-city-secondhand-2019-2022.doc
2020-02,深圳,secondhand,100.5,108.8,164.6,current_cirea_legacy_doc,https://cirea-net.oss-cn-beijing.aliyuncs.com/gjs/upload/file/202305/70-city-secondhand-2019-2022.doc
2020-02,重庆,secondhand,99.5,100.1,127.2,current_cirea_legacy_doc,https://cirea-net.oss-cn-beijing.aliyuncs.com/gjs/upload/file/202305/70-city-secondhand-2019-2022.doc
2020-03,上海,secondhand,100.3,101.6,140.1,current_cirea_legacy_doc,https://cirea-net.oss-cn-beijing.aliyuncs.com/gjs/upload/file/202305/70-city-secondhand-2019-2022.doc
2020-03,北京,secondhand,100.2,99.3,144.9,current_cirea_legacy_doc,https://cirea-net.oss-cn-beijing.aliyuncs.com/gjs/upload/file/202305/70-city-secondhand-2019-2022.doc
2020-03,深圳,secondhand,101.6,109.7,167.1,current_cirea_legacy_doc,https://cirea-net.oss-cn-beijing.aliyuncs.com/gjs/upload/file/202305/70-city-secondhand-2019-2022.doc
2020-03,重庆,secondhand,99.3,99.3,126.3,current_cirea_legacy_doc,https://cirea-net.oss-cn-beijing.aliyuncs.com/gjs/upload/file/202305/70-city-secondhand-2019-2022.doc
2020-04,上海,secondhand,101.2,102.3,141.7,current_cirea_legacy_doc,https://cirea-net.oss-cn-beijing.aliyuncs.com/gjs/upload/file/202305/70-city-secondhand-2019-2022.doc
2020-04,北京,secondhand,101.1,99.8,146.5,current_cirea_legacy_doc,https://cirea-net.oss-cn-beijing.aliyuncs.com/gjs/upload/file/202305/70-city-secondhand-2019-2022.doc
2020-04,深圳,secondhand,101.7,110.3,169.9,current_cirea_legacy_doc,https://cirea-net.oss-cn-beijing.aliyuncs.com/gjs/upload/file/202305/70-city-secondhand-2019-2022.doc
2020-04,重庆,secondhand,99.9,98.4,126.2,current_cirea_legacy_doc,https://cirea-net.oss-cn-beijing.aliyuncs.com/gjs/upload/file/202305/70-city-secondhand-2019-2022.doc
2020-05,上海,secondhand,100.6,102.8,142.5,current_cirea_legacy_doc,https://cirea-net.oss-cn-beijing.aliyuncs.com/gjs/upload/file/202305/70-city-secondhand-2019-2022.doc
2020-05,北京,secondhand,101.8,101.5,149.1,current_cirea_legacy_doc,https://cirea-net.oss-cn-beijing.aliyuncs.com/gjs/upload/file/202305/70-city-secondhand-2019-2022.doc
2020-05,深圳,secondhand,101.6,112.0,172.6,current_cirea_legacy_doc,https://cirea-net.oss-cn-beijing.aliyuncs.com/gjs/upload/file/202305/70-city-secondhand-2019-2022.doc
2020-05,重庆,secondhand,100.0,98.1,126.1,current_cirea_legacy_doc,https://cirea-net.oss-cn-beijing.aliyuncs.com/gjs/upload/file/202305/70-city-secondhand-2019-2022.doc
2020-06,上海,secondhand,100.4,103.3,143.0,current_cirea_legacy_doc,https://cirea-net.oss-cn-beijing.aliyuncs.com/gjs/upload/file/202305/70-city-secondhand-2019-2022.doc
2020-06,北京,secondhand,100.7,102.2,150.2,current_cirea_legacy_doc,https://cirea-net.oss-cn-beijing.aliyuncs.com/gjs/upload/file/202305/70-city-secondhand-2019-2022.doc
2020-06,深圳,secondhand,101.9,114.3,176.0,current_cirea_legacy_doc,https://cirea-net.oss-cn-beijing.aliyuncs.com/gjs/upload/file/202305/70-city-secondhand-2019-2022.doc
2020-06,重庆,secondhand,100.3,97.7,126.5,current_cirea_legacy_doc,https://cirea-net.oss-cn-beijing.aliyuncs.com/gjs/upload/file/202305/70-city-secondhand-2019-2022.doc
2020-07,上海,secondhand,100.5,103.3,143.7,current_cirea_legacy_doc,https://cirea-net.oss-cn-beijing.aliyuncs.com/gjs/upload/file/202305/70-city-secondhand-2019-2022.doc
2020-07,北京,secondhand,100.0,102.5,150.1,current_cirea_legacy_doc,https://cirea-net.oss-cn-beijing.aliyuncs.com/gjs/upload/file/202305/70-city-secondhand-2019-2022.doc
2020-07,深圳,secondhand,101.2,114.9,178.0,current_cirea_legacy_doc,https://cirea-net.oss-cn-beijing.aliyuncs.com/gjs/upload/file/202305/70-city-secondhand-2019-2022.doc
2020-07,重庆,secondhand,100.1,97.7,126.6,current_cirea_legacy_doc,https://cirea-net.oss-cn-beijing.aliyuncs.com/gjs/upload/file/202305/70-city-secondhand-2019-2022.doc
2020-08,上海,secondhand,100.8,104.1,144.8,current_cirea_legacy_doc,https://cirea-net.oss-cn-beijing.aliyuncs.com/gjs/upload/file/202305/70-city-secondhand-2019-2022.doc
2020-08,北京,secondhand,100.7,103.6,151.1,current_cirea_legacy_doc,https://cirea-net.oss-cn-beijing.aliyuncs.com/gjs/upload/file/202305/70-city-secondhand-2019-2022.doc
2020-08,深圳,secondhand,101.1,115.9,179.9,current_cirea_legacy_doc,https://cirea-net.oss-cn-beijing.aliyuncs.com/gjs/upload/file/202305/70-city-secondhand-2019-2022.doc
2020-08,重庆,secondhand,100.5,98.6,127.2,current_cirea_legacy_doc,https://cirea-net.oss-cn-beijing.aliyuncs.com/gjs/upload/file/202305/70-city-secondhand-2019-2022.doc
2020-09,上海,secondhand,101.0,104.6,146.2,current_cirea_legacy_doc,https://cirea-net.oss-cn-beijing.aliyuncs.com/gjs/upload/file/202305/70-city-secondhand-2019-2022.doc
2020-09,北京,secondhand,100.4,104.5,151.7,current_cirea_legacy_doc,https://cirea-net.oss-cn-beijing.aliyuncs.com/gjs/upload/file/202305/70-city-secondhand-2019-2022.doc
2020-09,深圳,secondhand,101.1,115.7,182.0,current_cirea_legacy_doc,https://cirea-net.oss-cn-beijing.aliyuncs.com/gjs/upload/file/202305/70-city-secondhand-2019-2022.doc
2020-09,重庆,secondhand,100.4,99.5,127.7,current_cirea_legacy_doc,https://cirea-net.oss-cn-beijing.aliyuncs.com/gjs/upload/file/202305/70-city-secondhand-2019-2022.doc
2020-10,上海,secondhand,100.5,105.2,146.9,current_cirea_legacy_doc,https://cirea-net.oss-cn-beijing.aliyuncs.com/gjs/upload/file/202305/70-city-secondhand-2019-2022.doc
2020-10,北京,secondhand,100.4,105.4,152.2,current_cirea_legacy_doc,https://cirea-net.oss-cn-beijing.aliyuncs.com/gjs/upload/file/202305/70-city-secondhand-2019-2022.doc
2020-10,深圳,secondhand,100.9,115.5,183.6,current_cirea_legacy_doc,https://cirea-net.oss-cn-beijing.aliyuncs.com/gjs/upload/file/202305/70-city-secondhand-2019-2022.doc
2020-10,重庆,secondhand,99.7,99.4,127.3,current_cirea_legacy_doc,https://cirea-net.oss-cn-beijing.aliyuncs.com/gjs/upload/file/202305/70-city-secondhand-2019-2022.doc
2020-11,上海,secondhand,100.3,105.5,147.2,current_cirea_legacy_doc,https://cirea-net.oss-cn-beijing.aliyuncs.com/gjs/upload/file/202305/70-city-secondhand-2019-2022.doc
2020-11,北京,secondhand,100.5,106.4,153.0,current_cirea_legacy_doc,https://cirea-net.oss-cn-beijing.aliyuncs.com/gjs/upload/file/202305/70-city-secondhand-2019-2022.doc
2020-11,深圳,secondhand,100.6,114.6,184.7,current_cirea_legacy_doc,https://cirea-net.oss-cn-beijing.aliyuncs.com/gjs/upload/file/202305/70-city-secondhand-2019-2022.doc
2020-11,重庆,secondhand,100.3,99.3,127.7,current_cirea_legacy_doc,https://cirea-net.oss-cn-beijing.aliyuncs.com/gjs/upload/file/202305/70-city-secondhand-2019-2022.doc
2020-12,上海,secondhand,100.6,106.3,148.1,current_cirea_legacy_doc,https://cirea-net.oss-cn-beijing.aliyuncs.com/gjs/upload/file/202305/70-city-secondhand-2019-2022.doc
2020-12,北京,secondhand,100.5,106.3,153.7,current_cirea_legacy_doc,https://cirea-net.oss-cn-beijing.aliyuncs.com/gjs/upload/file/202305/70-city-secondhand-2019-2022.doc
2020-12,深圳,secondhand,100.5,114.1,185.7,current_cirea_legacy_doc,https://cirea-net.oss-cn-beijing.aliyuncs.com/gjs/upload/file/202305/70-city-secondhand-2019-2022.doc
2020-12,重庆,secondhand,99.9,99.4,127.6,current_cirea_legacy_doc,https://cirea-net.oss-cn-beijing.aliyuncs.com/gjs/upload/file/202305/70-city-secondhand-2019-2022.doc
2021-01,上海,secondhand,101.3,107.6,104.5,current_cirea_legacy_doc,https://cirea-net.oss-cn-beijing.aliyuncs.com/gjs/upload/file/202305/70-city-secondhand-2019-2022.doc
2021-01,北京,secondhand,100.9,106.9,103.9,current_cirea_legacy_doc,https://cirea-net.oss-cn-beijing.aliyuncs.com/gjs/upload/file/202305/70-city-secondhand-2019-2022.doc
2021-01,深圳,secondhand,101.7,115.3,107.6,current_cirea_legacy_doc,https://cirea-net.oss-cn-beijing.aliyuncs.com/gjs/upload/file/202305/70-city-secondhand-2019-2022.doc
2021-01,重庆,secondhand,100.3,100.1,100.8,current_cirea_legacy_doc,https://cirea-net.oss-cn-beijing.aliyuncs.com/gjs/upload/file/202305/70-city-secondhand-2019-2022.doc
2021-02,上海,secondhand,101.3,108.8,105.8,current_cirea_legacy_doc,https://cirea-net.oss-cn-beijing.aliyuncs.com/gjs/upload/file/202305/70-city-secondhand-2019-2022.doc
2021-02,北京,secondhand,101.2,108.5,105.2,current_cirea_legacy_doc,https://cirea-net.oss-cn-beijing.aliyuncs.com/gjs/upload/file/202305/70-city-secondhand-2019-2022.doc
2021-02,深圳,secondhand,100.9,116.0,108.6,current_cirea_legacy_doc,https://cirea-net.oss-cn-beijing.aliyuncs.com/gjs/upload/file/202305/70-city-secondhand-2019-2022.doc
2021-02,重庆,secondhand,100.2,100.7,100.9,current_cirea_legacy_doc,https://cirea-net.oss-cn-beijing.aliyuncs.com/gjs/upload/file/202305/70-city-secondhand-2019-2022.doc
2021-03,上海,secondhand,101.1,109.7,107.0,current_cirea_legacy_doc,https://cirea-net.oss-cn-beijing.aliyuncs.com/gjs/upload/file/202305/70-city-secondhand-2019-2022.doc
2021-03,北京,secondhand,101.4,109.9,106.7,current_cirea_legacy_doc,https://cirea-net.oss-cn-beijing.aliyuncs.com/gjs/upload/file/202305/70-city-secondhand-2019-2022.doc
2021-03,深圳,secondhand,100.4,114.6,109.0,current_cirea_legacy_doc,https://cirea-net.oss-cn-beijing.aliyuncs.com/gjs/upload/file/202305/70-city-secondhand-2019-2022.doc
2021-03,重庆,secondhand,100.8,102.3,101.7,current_cirea_legacy_doc,https://cirea-net.oss-cn-beijing.aliyuncs.com/gjs/upload/file/202305/70-city-secondhand-2019-2022.doc
2021-04,上海,secondhand,100.9,109.3,107.9,current_cirea_legacy_doc,https://cirea-net.oss-cn-beijing.aliyuncs.com/gjs/upload/file/202305/70-city-secondhand-2019-2022.doc
2021-04,北京,secondhand,101.2,110.1,108.0,current_cirea_legacy_doc,https://cirea-net.oss-cn-beijing.aliyuncs.com/gjs/upload/file/202305/70-city-secondhand-2019-2022.doc
2021-04,深圳,secondhand,100.0,112.9,109.0,current_cirea_legacy_doc,https://cirea-net.oss-cn-beijing.aliyuncs.com/gjs/upload/file/202305/70-city-secondhand-2019-2022.doc
2021-04,重庆,secondhand,101.3,103.7,103.0,current_cirea_legacy_doc,https://cirea-net.oss-cn-beijing.aliyuncs.com/gjs/upload/file/202305/70-city-secondhand-2019-2022.doc
2021-05,上海,secondhand,100.7,109.4,108.6,current_cirea_legacy_doc,https://cirea-net.oss-cn-beijing.aliyuncs.com/gjs/upload/file/202305/70-city-secondhand-2019-2022.doc
2021-05,北京,secondhand,101.1,109.3,109.2,current_cirea_legacy_doc,https://cirea-net.oss-cn-beijing.aliyuncs.com/gjs/upload/file/202305/70-city-secondhand-2019-2022.doc
2021-05,深圳,secondhand,99.9,110.9,108.9,current_cirea_legacy_doc,https://cirea-net.oss-cn-beijing.aliyuncs.com/gjs/upload/file/202305/70-city-secondhand-2019-2022.doc
2021-05,重庆,secondhand,101.0,104.8,104.1,current_cirea_legacy_doc,https://cirea-net.oss-cn-beijing.aliyuncs.com/gjs/upload/file/202305/70-city-secondhand-2019-2022.doc
2021-06,上海,secondhand,101.0,110.1,109.6,current_cirea_legacy_doc,https://cirea-net.oss-cn-beijing.aliyuncs.com/gjs/upload/file/202305/70-city-secondhand-2019-2022.doc
2021-06,北京,secondhand,101.3,109.9,110.5,current_cirea_legacy_doc,https://cirea-net.oss-cn-beijing.aliyuncs.com/gjs/upload/file/202305/70-city-secondhand-2019-2022.doc
2021-06,深圳,secondhand,99.8,108.7,108.8,current_cirea_legacy_doc,https://cirea-net.oss-cn-beijing.aliyuncs.com/gjs/upload/file/202305/70-city-secondhand-2019-2022.doc
2021-06,重庆,secondhand,100.9,105.5,105.0,current_cirea_legacy_doc,https://cirea-net.oss-cn-beijing.aliyuncs.com/gjs/upload/file/202305/70-city-secondhand-2019-2022.doc
2021-07,上海,secondhand,100.7,110.3,110.3,current_cirea_legacy_doc,https://cirea-net.oss-cn-beijing.aliyuncs.com/gjs/upload/file/202305/70-city-secondhand-2019-2022.doc
2021-07,北京,secondhand,100.7,110.7,111.2,current_cirea_legacy_doc,https://cirea-net.oss-cn-beijing.aliyuncs.com/gjs/upload/file/202305/70-city-secondhand-2019-2022.doc
2021-07,深圳,secondhand,99.6,107.0,108.3,current_cirea_legacy_doc,https://cirea-net.oss-cn-beijing.aliyuncs.com/gjs/upload/file/202305/70-city-secondhand-2019-2022.doc
2021-07,重庆,secondhand,100.2,105.6,105.2,current_cirea_legacy_doc,https://cirea-net.oss-cn-beijing.aliyuncs.com/gjs/upload/file/202305/70-city-secondhand-2019-2022.doc
2021-08,上海,secondhand,100.2,109.7,110.5,current_cirea_legacy_doc,https://cirea-net.oss-cn-beijing.aliyuncs.com/gjs/upload/file/202305/70-city-secondhand-2019-2022.doc
2021-08,北京,secondhand,100.4,110.4,111.7,current_cirea_legacy_doc,https://cirea-net.oss-cn-beijing.aliyuncs.com/gjs/upload/file/202305/70-city-secondhand-2019-2022.doc
2021-08,深圳,secondhand,99.6,105.4,107.9,current_cirea_legacy_doc,https://cirea-net.oss-cn-beijing.aliyuncs.com/gjs/upload/file/202305/70-city-secondhand-2019-2022.doc
2021-08,重庆,secondhand,100.0,105.0,105.2,current_cirea_legacy_doc,https://cirea-net.oss-cn-beijing.aliyuncs.com/gjs/upload/file/202305/70-city-secondhand-2019-2022.doc
2021-09,上海,secondhand,99.4,108.0,109.9,current_cirea_legacy_doc,https://cirea-net.oss-cn-beijing.aliyuncs.com/gjs/upload/file/202305/70-city-secondhand-2019-2022.doc
2021-09,北京,secondhand,99.8,109.7,111.4,current_cirea_legacy_doc,https://cirea-net.oss-cn-beijing.aliyuncs.com/gjs/upload/file/202305/70-city-secondhand-2019-2022.doc
2021-09,深圳,secondhand,99.5,103.6,107.4,current_cirea_legacy_doc,https://cirea-net.oss-cn-beijing.aliyuncs.com/gjs/upload/file/202305/70-city-secondhand-2019-2022.doc
2021-09,重庆,secondhand,100.3,104.9,105.4,current_cirea_legacy_doc,https://cirea-net.oss-cn-beijing.aliyuncs.com/gjs/upload/file/202305/70-city-secondhand-2019-2022.doc
2021-10,上海,secondhand,99.6,107.0,109.5,current_cirea_legacy_doc,https://cirea-net.oss-cn-beijing.aliyuncs.com/gjs/upload/file/202305/70-city-secondhand-2019-2022.doc
2021-10,北京,secondhand,99.5,108.8,110.9,current_cirea_legacy_doc,https://cirea-net.oss-cn-beijing.aliyuncs.com/gjs/upload/file/202305/70-city-secondhand-2019-2022.doc
2021-10,深圳,secondhand,99.8,102.5,107.2,current_cirea_legacy_doc,https://cirea-net.oss-cn-beijing.aliyuncs.com/gjs/upload/file/202305/70-city-secondhand-2019-2022.doc
2021-10,重庆,secondhand,99.8,105.0,105.2,current_cirea_legacy_doc,https://cirea-net.oss-cn-beijing.aliyuncs.com/gjs/upload/file/202305/70-city-secondhand-2019-2022.doc
2021-11,上海,secondhand,99.9,106.7,109.4,current_cirea_legacy_doc,https://cirea-net.oss-cn-beijing.aliyuncs.com/gjs/upload/file/202305/70-city-secondhand-2019-2022.doc
2021-11,北京,secondhand,99.8,108.1,110.7,current_cirea_legacy_doc,https://cirea-net.oss-cn-beijing.aliyuncs.com/gjs/upload/file/202305/70-city-secondhand-2019-2022.doc
2021-11,深圳,secondhand,99.8,101.7,107.0,current_cirea_legacy_doc,https://cirea-net.oss-cn-beijing.aliyuncs.com/gjs/upload/file/202305/70-city-secondhand-2019-2022.doc
2021-11,重庆,secondhand,100.0,104.7,105.3,current_cirea_legacy_doc,https://cirea-net.oss-cn-beijing.aliyuncs.com/gjs/upload/file/202305/70-city-secondhand-2019-2022.doc
2021-12,上海,secondhand,100.4,106.5,109.8,current_cirea_legacy_doc,https://cirea-net.oss-cn-beijing.aliyuncs.com/gjs/upload/file/202305/70-city-secondhand-2019-2022.doc
2021-12,北京,secondhand,100.8,108.5,111.6,current_cirea_legacy_doc,https://cirea-net.oss-cn-beijing.aliyuncs.com/gjs/upload/file/202305/70-city-secondhand-2019-2022.doc
2021-12,深圳,secondhand,99.6,100.6,106.5,current_cirea_legacy_doc,https://cirea-net.oss-cn-beijing.aliyuncs.com/gjs/upload/file/202305/70-city-secondhand-2019-2022.doc
2021-12,重庆,secondhand,99.6,104.4,104.8,current_cirea_legacy_doc,https://cirea-net.oss-cn-beijing.aliyuncs.com/gjs/upload/file/202305/70-city-secondhand-2019-2022.doc
2022-01,上海,secondhand,100.6,105.8,110.5,current_cirea_legacy_doc,https://cirea-net.oss-cn-beijing.aliyuncs.com/gjs/upload/file/202305/70-city-secondhand-2019-2022.doc
2022-01,北京,secondhand,100.5,108.0,112.1,current_cirea_legacy_doc,https://cirea-net.oss-cn-beijing.aliyuncs.com/gjs/upload/file/202305/70-city-secondhand-2019-2022.doc
2022-01,深圳,secondhand,99.5,98.5,106.0,current_cirea_legacy_doc,https://cirea-net.oss-cn-beijing.aliyuncs.com/gjs/upload/file/202305/70-city-secondhand-2019-2022.doc
2022-01,重庆,secondhand,100.6,104.7,105.5,current_cirea_legacy_doc,https://cirea-net.oss-cn-beijing.aliyuncs.com/gjs/upload/file/202305/70-city-secondhand-2019-2022.doc
2022-02,上海,secondhand,100.9,105.3,111.5,current_cirea_legacy_doc,https://cirea-net.oss-cn-beijing.aliyuncs.com/gjs/upload/file/202305/70-city-secondhand-2019-2022.doc
2022-02,北京,secondhand,100.7,107.4,112.9,current_cirea_legacy_doc,https://cirea-net.oss-cn-beijing.aliyuncs.com/gjs/upload/file/202305/70-city-secondhand-2019-2022.doc
2022-02,深圳,secondhand,99.8,97.4,105.8,current_cirea_legacy_doc,https://cirea-net.oss-cn-beijing.aliyuncs.com/gjs/upload/file/202305/70-city-secondhand-2019-2022.doc
2022-02,重庆,secondhand,99.9,104.4,105.4,current_cirea_legacy_doc,https://cirea-net.oss-cn-beijing.aliyuncs.com/gjs/upload/file/202305/70-city-secondhand-2019-2022.doc
2022-03,上海,secondhand,100.4,104.6,111.9,current_cirea_legacy_doc,https://cirea-net.oss-cn-beijing.aliyuncs.com/gjs/upload/file/202305/70-city-secondhand-2019-2022.doc
2022-03,北京,secondhand,101.2,107.2,114.3,current_cirea_legacy_doc,https://cirea-net.oss-cn-beijing.aliyuncs.com/gjs/upload/file/202305/70-city-secondhand-2019-2022.doc
2022-03,深圳,secondhand,99.7,96.7,105.5,current_cirea_legacy_doc,https://cirea-net.oss-cn-beijing.aliyuncs.com/gjs/upload/file/202305/70-city-secondhand-2019-2022.doc
2022-03,重庆,secondhand,100.1,103.7,105.5,current_cirea_legacy_doc,https://cirea-net.oss-cn-beijing.aliyuncs.com/gjs/upload/file/202305/70-city-secondhand-2019-2022.doc
2022-04,上海,secondhand,100.0,103.7,111.9,current_cirea_legacy_doc,https://cirea-net.oss-cn-beijing.aliyuncs.com/gjs/upload/file/202305/70-city-secondhand-2019-2022.doc
2022-04,北京,secondhand,100.6,106.5,115.0,current_cirea_legacy_doc,https://cirea-net.oss-cn-beijing.aliyuncs.com/gjs/upload/file/202305/70-city-secondhand-2019-2022.doc
2022-04,深圳,secondhand,100.5,97.2,106.0,current_cirea_legacy_doc,https://cirea-net.oss-cn-beijing.aliyuncs.com/gjs/upload/file/202305/70-city-secondhand-2019-2022.doc
2022-04,重庆,secondhand,99.5,101.9,104.9,current_cirea_legacy_doc,https://cirea-net.oss-cn-beijing.aliyuncs.com/gjs/upload/file/202305/70-city-secondhand-2019-2022.doc
2022-05,上海,secondhand,100.0,103.0,111.9,current_cirea_legacy_doc,https://cirea-net.oss-cn-beijing.aliyuncs.com/gjs/upload/file/202305/70-city-secondhand-2019-2022.doc
2022-05,北京,secondhand,99.9,105.3,114.9,current_cirea_legacy_doc,https://cirea-net.oss-cn-beijing.aliyuncs.com/gjs/upload/file/202305/70-city-secondhand-2019-2022.doc
2022-05,深圳,secondhand,100.1,97.4,106.1,current_cirea_legacy_doc,https://cirea-net.oss-cn-beijing.aliyuncs.com/gjs/upload/file/202305/70-city-secondhand-2019-2022.doc
2022-05,重庆,secondhand,99.7,100.5,104.6,current_cirea_legacy_doc,https://cirea-net.oss-cn-beijing.aliyuncs.com/gjs/upload/file/202305/70-city-secondhand-2019-2022.doc
2022-06,上海,secondhand,100.2,102.3,112.2,current_cirea_legacy_doc,https://cirea-net.oss-cn-beijing.aliyuncs.com/gjs/upload/file/202305/70-city-secondhand-2019-2022.doc
2022-06,北京,secondhand,100.5,104.5,115.5,current_cirea_legacy_doc,https://cirea-net.oss-cn-beijing.aliyuncs.com/gjs/upload/file/202305/70-city-secondhand-2019-2022.doc
2022-06,深圳,secondhand,99.0,96.6,105.1,current_cirea_legacy_doc,https://cirea-net.oss-cn-beijing.aliyuncs.com/gjs/upload/file/202305/70-city-secondhand-2019-2022.doc
2022-06,重庆,secondhand,100.5,100.1,105.1,current_cirea_legacy_doc,https://cirea-net.oss-cn-beijing.aliyuncs.com/gjs/upload/file/202305/70-city-secondhand-2019-2022.doc
2022-07,上海,secondhand,100.8,102.4,113.0,current_cirea_legacy_doc,https://cirea-net.oss-cn-beijing.aliyuncs.com/gjs/upload/file/202305/70-city-secondhand-2019-2022.doc
2022-07,北京,secondhand,100.2,104.1,115.8,current_cirea_legacy_doc,https://cirea-net.oss-cn-beijing.aliyuncs.com/gjs/upload/file/202305/70-city-secondhand-2019-2022.doc
2022-07,深圳,secondhand,99.5,96.5,104.6,current_cirea_legacy_doc,https://cirea-net.oss-cn-beijing.aliyuncs.com/gjs/upload/file/202305/70-city-secondhand-2019-2022.doc
2022-07,重庆,secondhand,100.3,100.2,105.4,current_cirea_legacy_doc,https://cirea-net.oss-cn-beijing.aliyuncs.com/gjs/upload/file/202305/70-city-secondhand-2019-2022.doc
2022-08,上海,secondhand,100.6,102.8,113.6,current_cirea_legacy_doc,https://cirea-net.oss-cn-beijing.aliyuncs.com/gjs/upload/file/202305/70-city-secondhand-2019-2022.doc
2022-08,北京,secondhand,100.2,103.9,116.0,current_cirea_legacy_doc,https://cirea-net.oss-cn-beijing.aliyuncs.com/gjs/upload/file/202305/70-city-secondhand-2019-2022.doc
2022-08,深圳,secondhand,99.5,96.4,104.0,current_cirea_legacy_doc,https://cirea-net.oss-cn-beijing.aliyuncs.com/gjs/upload/file/202305/70-city-secondhand-2019-2022.doc
2022-08,重庆,secondhand,99.6,99.8,105.0,current_cirea_legacy_doc,https://cirea-net.oss-cn-beijing.aliyuncs.com/gjs/upload/file/202305/70-city-secondhand-2019-2022.doc
2022-09,上海,secondhand,100.5,103.9,114.2,current_cirea_legacy_doc,https://cirea-net.oss-cn-beijing.aliyuncs.com/gjs/upload/file/202305/70-city-secondhand-2019-2022.doc
2022-09,北京,secondhand,100.4,104.6,116.5,current_cirea_legacy_doc,https://cirea-net.oss-cn-beijing.aliyuncs.com/gjs/upload/file/202305/70-city-secondhand-2019-2022.doc
2022-09,深圳,secondhand,99.6,96.5,103.6,current_cirea_legacy_doc,https://cirea-net.oss-cn-beijing.aliyuncs.com/gjs/upload/file/202305/70-city-secondhand-2019-2022.doc
2022-09,重庆,secondhand,99.5,99.1,104.5,current_cirea_legacy_doc,https://cirea-net.oss-cn-beijing.aliyuncs.com/gjs/upload/file/202305/70-city-secondhand-2019-2022.doc
2023-01,上海,secondhand,100.4,102.3,102.3,current_cirea,https://www.cirea.org.cn/content/4773
2023-01,北京,secondhand,100.9,104.3,104.3,current_cirea,https://www.cirea.org.cn/content/4773
2023-01,深圳,secondhand,100.6,97.3,97.3,current_cirea,https://www.cirea.org.cn/content/4773
2023-01,重庆,secondhand,99.5,96.8,96.8,current_cirea,https://www.cirea.org.cn/content/4773
2023-02,上海,secondhand,101.0,102.5,102.4,current_cirea,https://www.cirea.org.cn/content/4773
2023-02,北京,secondhand,100.8,104.4,104.3,current_cirea,https://www.cirea.org.cn/content/4773
2023-02,深圳,secondhand,100.5,98.0,97.6,current_cirea,https://www.cirea.org.cn/content/4773
2023-02,重庆,secondhand,100.3,97.2,97.0,current_cirea,https://www.cirea.org.cn/content/4773
2023-03,上海,secondhand,100.7,102.8,102.5,current_cirea,https://www.cirea.org.cn/content/4773
2023-03,北京,secondhand,100.7,103.8,104.2,current_cirea,https://www.cirea.org.cn/content/4773
2023-03,深圳,secondhand,100.3,98.7,98.0,current_cirea,https://www.cirea.org.cn/content/4773
2023-03,重庆,secondhand,100.3,97.4,97.1,current_cirea,https://www.cirea.org.cn/content/4773
2023-04,上海,secondhand,99.8,102.5,102.5,current_cirea,https://www.cirea.org.cn/content/4773
2023-04,北京,secondhand,100.1,103.3,104.0,current_cirea,https://www.cirea.org.cn/content/4773
2023-04,深圳,secondhand,100.5,98.6,98.1,current_cirea,https://www.cirea.org.cn/content/4773
2023-04,重庆,secondhand,100.4,98.2,97.4,current_cirea,https://www.cirea.org.cn/content/4773
2023-05,上海,secondhand,99.2,101.7,102.3,current_cirea,https://www.cirea.org.cn/content/4773
2023-05,北京,secondhand,99.4,102.8,103.7,current_cirea,https://www.cirea.org.cn/content/4773
2023-05,深圳,secondhand,99.9,98.4,98.2,current_cirea,https://www.cirea.org.cn/content/4773
2023-05,重庆,secondhand,99.5,98.1,97.5,current_cirea,https://www.cirea.org.cn/content/4773
2023-06,上海,secondhand,98.8,100.2,102.0,current_cirea,https://www.cirea.org.cn/content/4773
2023-06,北京,secondhand,99.3,101.5,103.4,current_cirea,https://www.cirea.org.cn/content/4773
2023-06,深圳,secondhand,99.3,98.7,98.3,current_cirea,https://www.cirea.org.cn/content/4773
2023-06,重庆,secondhand,99.5,97.1,97.5,current_cirea,https://www.cirea.org.cn/content/4773
2023-07,上海,secondhand,99.3,98.8,101.5,current_cirea,https://www.cirea.org.cn/content/4773
2023-07,北京,secondhand,99.4,100.6,103.0,current_cirea,https://www.cirea.org.cn/content/4773
2023-07,深圳,secondhand,99.1,98.3,98.3,current_cirea,https://www.cirea.org.cn/content/4773
2023-07,重庆,secondhand,99.2,96.0,97.2,current_cirea,https://www.cirea.org.cn/content/4773
2023-08,上海,secondhand,99.7,98.0,101.1,current_cirea,https://www.cirea.org.cn/content/4773
2023-08,北京,secondhand,100.4,100.8,102.7,current_cirea,https://www.cirea.org.cn/content/4773
2023-08,深圳,secondhand,99.8,98.6,98.3,current_cirea,https://www.cirea.org.cn/content/4773
2023-08,重庆,secondhand,99.4,95.9,97.1,current_cirea,https://www.cirea.org.cn/content/4773
2023-09,上海,secondhand,100.6,98.1,100.7,current_cirea,https://www.cirea.org.cn/content/4773
2023-09,北京,secondhand,100.7,101.1,102.5,current_cirea,https://www.cirea.org.cn/content/4773
2023-09,深圳,secondhand,100.0,99.0,98.4,current_cirea,https://www.cirea.org.cn/content/4773
2023-09,重庆,secondhand,99.1,95.5,96.9,current_cirea,https://www.cirea.org.cn/content/4773
2023-10,上海,secondhand,99.2,97.7,100.4,current_cirea,https://www.cirea.org.cn/content/4773
2023-10,北京,secondhand,98.9,99.8,102.2,current_cirea,https://www.cirea.org.cn/content/4773
2023-10,深圳,secondhand,99.5,98.7,98.4,current_cirea,https://www.cirea.org.cn/content/4773
2023-10,重庆,secondhand,99.3,95.5,96.8,current_cirea,https://www.cirea.org.cn/content/4773
2023-11,上海,secondhand,98.5,96.7,100.1,current_cirea,https://www.cirea.org.cn/content/4773
2023-11,北京,secondhand,98.6,98.6,101.9,current_cirea,https://www.cirea.org.cn/content/4773
2023-11,深圳,secondhand,98.5,97.5,98.4,current_cirea,https://www.cirea.org.cn/content/4773
2023-11,重庆,secondhand,99.3,95.4,96.6,current_cirea,https://www.cirea.org.cn/content/4773
2023-12,上海,secondhand,99.4,96.6,99.8,current_cirea,https://www.cirea.org.cn/content/4773
2023-12,北京,secondhand,98.8,97.8,101.6,current_cirea,https://www.cirea.org.cn/content/4773
2023-12,深圳,secondhand,98.9,96.9,98.2,current_cirea,https://www.cirea.org.cn/content/4773
2023-12,重庆,secondhand,98.7,94.5,96.5,current_cirea,https://www.cirea.org.cn/content/4773
2025-01,上海,new,100.6,105.6,,current,https://www.stats.gov.cn/
2025-01,上海,secondhand,100.4,97.7,,current,https://www.stats.gov.cn/
2025-01,北京,new,99.6,94.3,,current,https://www.stats.gov.cn/
2025-01,北京,secondhand,100.1,96.2,,current,https://www.stats.gov.cn/
2025-01,深圳,new,100.2,94.8,,current,https://www.stats.gov.cn/
2025-01,深圳,secondhand,100.4,93.9,,current,https://www.stats.gov.cn/
2025-01,重庆,new,100.4,94.8,,current,https://www.stats.gov.cn/
2025-01,重庆,secondhand,99.6,94.4,,current,https://www.stats.gov.cn/
2025-12,上海,new,100.2,104.8,105.7,current,https://www.stats.gov.cn/
2025-12,上海,secondhand,99.4,93.9,97.6,current,https://www.stats.gov.cn/
2025-12,北京,new,99.6,97.6,96.1,current,https://www.stats.gov.cn/
2025-12,北京,secondhand,98.7,91.5,96.6,current,https://www.stats.gov.cn/
2025-12,深圳,new,99.5,95.6,96.8,current,https://www.stats.gov.cn/
2025-12,深圳,secondhand,99.4,94.6,96.2,current,https://www.stats.gov.cn/
2025-12,重庆,new,99.7,97.1,96.5,current,https://www.stats.gov.cn/
2025-12,重庆,secondhand,99.0,94.0,95.3,current,https://www.stats.gov.cn/
2026-05,上海,new,100.2,103.2,103.8,current,https://www.stats.gov.cn/sj/zxfb/202606/t20260616_1963946.html
2026-05,上海,secondhand,100.6,95.7,94.2,current,https://www.stats.gov.cn/sj/zxfb/202606/t20260616_1963946.html
2026-05,北京,new,99.8,97.9,97.8,current,https://www.stats.gov.cn/sj/zxfb/202606/t20260616_1963946.html
2026-05,北京,secondhand,100.1,93.5,92.1,current,https://www.stats.gov.cn/sj/zxfb/202606/t20260616_1963946.html
2026-05,深圳,new,100.4,95.5,94.8,current,https://www.stats.gov.cn/sj/zxfb/202606/t20260616_1963946.html
2026-05,深圳,secondhand,100.6,94.5,93.5,current,https://www.stats.gov.cn/sj/zxfb/202606/t20260616_1963946.html
2026-05,重庆,new,99.6,95.3,95.8,current,https://www.stats.gov.cn/sj/zxfb/202606/t20260616_1963946.html
2026-05,重庆,secondhand,100.1,94.5,94.1,current,https://www.stats.gov.cn/sj/zxfb/202606/t20260616_1963946.html
2026-06,上海,new,100.3,103.1,103.7,current,https://www.stats.gov.cn/sj/zxfbhjd/202607/t20260715_1964115.html
2026-06,上海,secondhand,100.4,96.8,94.6,current,https://www.stats.gov.cn/sj/zxfbhjd/202607/t20260715_1964115.html
2026-06,北京,new,99.7,97.9,97.8,current,https://www.stats.gov.cn/sj/zxfbhjd/202607/t20260715_1964115.html
2026-06,北京,secondhand,100.1,94.5,92.5,current,https://www.stats.gov.cn/sj/zxfbhjd/202607/t20260715_1964115.html
2026-06,深圳,new,100.3,96.4,95.1,current,https://www.stats.gov.cn/sj/zxfbhjd/202607/t20260715_1964115.html
2026-06,深圳,secondhand,100.3,95.3,93.8,current,https://www.stats.gov.cn/sj/zxfbhjd/202607/t20260715_1964115.html
2026-06,重庆,new,99.8,95.7,95.8,current,https://www.stats.gov.cn/sj/zxfbhjd/202607/t20260715_1964115.html
2026-06,重庆,secondhand,100.1,95.2,94.3,current,https://www.stats.gov.cn/sj/zxfbhjd/202607/t20260715_1964115.html
