city,district,year,base_month,base_price_yuan_m2,source_tier,resilience_score,confidence,price_low_yuan_m2,price_base_yuan_m2,price_high_yuan_m2
北京,东城区,2026,2026-06,89189.0,C_public_third_party,1.0,medium,86275,87321,88378
北京,东城区,2027,2026-06,89189.0,C_public_third_party,1.0,medium,82507,85541,88681
北京,东城区,2028,2026-06,89189.0,C_public_third_party,1.0,medium,79940,84896,90149
北京,东城区,2029,2026-06,89189.0,C_public_third_party,1.0,medium,77825,84660,92081
北京,东城区,2030,2026-06,89189.0,C_public_third_party,1.0,medium,75900,84574,94219
北京,丰台区,2026,2026-06,47748.0,C_public_third_party,0.7,medium,46104,46748,47229
北京,丰台区,2027,2026-06,47748.0,C_public_third_party,0.7,medium,43932,45795,47220
北京,丰台区,2028,2026-06,47748.0,C_public_third_party,0.7,medium,42411,45450,47830
北京,丰台区,2029,2026-06,47748.0,C_public_third_party,0.7,medium,41141,45324,48679
北京,丰台区,2030,2026-06,47748.0,C_public_third_party,0.7,medium,39978,45277,49631
北京,北京经济技术开发区,2026,2026-06,50050.0,C_proxy,0.8,low,48356,49002,49535
北京,北京经济技术开发区,2027,2026-06,50050.0,C_proxy,0.8,low,46133,48003,49586
北京,北京经济技术开发区,2028,2026-06,50050.0,C_proxy,0.8,low,44590,47641,50286
北京,北京经济技术开发区,2029,2026-06,50050.0,C_proxy,0.8,low,43306,47509,51241
北京,北京经济技术开发区,2030,2026-06,50050.0,C_proxy,0.8,low,42133,47460,52305
北京,大兴区,2026,2026-06,37938.0,C_public_third_party,0.55,medium,36599,37144,37492
北京,大兴区,2027,2026-06,37938.0,C_public_third_party,0.55,medium,34811,36386,37417
北京,大兴区,2028,2026-06,37938.0,C_public_third_party,0.55,medium,33546,36112,37832
北京,大兴区,2029,2026-06,37938.0,C_public_third_party,0.55,medium,32482,36012,38435
北京,大兴区,2030,2026-06,37938.0,C_public_third_party,0.55,medium,31508,35975,39116
北京,密云区,2026,2026-06,24024.0,C_proxy,0.15,low,23120,23521,23684
北京,密云区,2027,2026-06,24024.0,C_proxy,0.15,low,21885,23041,23524
北京,密云区,2028,2026-06,24024.0,C_proxy,0.15,low,20988,22868,23671
北京,密云区,2029,2026-06,24024.0,C_proxy,0.15,low,20225,22804,23933
北京,密云区,2030,2026-06,24024.0,C_proxy,0.15,low,19524,22781,24241
北京,平谷区,2026,2026-06,23023.0,C_proxy,0.1,low,22150,22541,22691
北京,平谷区,2027,2026-06,23023.0,C_proxy,0.1,low,20954,22081,22524
北京,平谷区,2028,2026-06,23023.0,C_proxy,0.1,low,20083,21915,22651
北京,平谷区,2029,2026-06,23023.0,C_proxy,0.1,low,19342,21854,22888
北京,平谷区,2030,2026-06,23023.0,C_proxy,0.1,low,18660,21832,23168
北京,延庆区,2026,2026-06,19019.0,C_proxy,0.1,low,18298,18621,18744
北京,延庆区,2027,2026-06,19019.0,C_proxy,0.1,low,17310,18241,18607
北京,延庆区,2028,2026-06,19019.0,C_proxy,0.1,low,16591,18104,18712
北京,延庆区,2029,2026-06,19019.0,C_proxy,0.1,low,15978,18053,18908
北京,延庆区,2030,2026-06,19019.0,C_proxy,0.1,low,15415,18035,19139
北京,怀柔区,2026,2026-06,25025.0,C_proxy,0.15,low,24083,24501,24671
北京,怀柔区,2027,2026-06,25025.0,C_proxy,0.15,low,22797,24001,24504
北京,怀柔区,2028,2026-06,25025.0,C_proxy,0.15,low,21863,23821,24658
北京,怀柔区,2029,2026-06,25025.0,C_proxy,0.15,low,21068,23754,24931
北京,怀柔区,2030,2026-06,25025.0,C_proxy,0.15,low,20338,23730,25251
北京,房山区,2026,2026-06,29029.0,C_proxy,0.2,low,27945,28421,28627
北京,房山区,2027,2026-06,29029.0,C_proxy,0.2,low,26468,27842,28451
北京,房山区,2028,2026-06,29029.0,C_proxy,0.2,low,25399,27632,28646
北京,房山区,2029,2026-06,29029.0,C_proxy,0.2,low,24490,27555,28980
北京,房山区,2030,2026-06,29029.0,C_proxy,0.2,low,23656,27527,29370
北京,昌平区,2026,2026-06,35235.0,C_public_third_party,0.45,medium,33971,34497,34799
北京,昌平区,2027,2026-06,35235.0,C_public_third_party,0.45,medium,32272,33794,34689
北京,昌平区,2028,2026-06,35235.0,C_public_third_party,0.45,medium,31062,33539,35032
北京,昌平区,2029,2026-06,35235.0,C_public_third_party,0.45,medium,30041,33446,35547
北京,昌平区,2030,2026-06,35235.0,C_public_third_party,0.45,medium,29105,33412,36134
北京,朝阳区,2026,2026-06,61862.0,C_public_third_party,0.95,medium,59823,60567,61281
北京,朝阳区,2027,2026-06,61862.0,C_public_third_party,0.95,medium,57175,59332,61454
北京,朝阳区,2028,2026-06,61862.0,C_public_third_party,0.95,medium,55363,58885,62434
北京,朝阳区,2029,2026-06,61862.0,C_public_third_party,0.95,medium,53866,58721,63734
北京,朝阳区,2030,2026-06,61862.0,C_public_third_party,0.95,medium,52502,58661,65175
北京,海淀区,2026,2026-06,81982.0,C_public_third_party,1.0,medium,79303,80265,81237
北京,海淀区,2027,2026-06,81982.0,C_public_third_party,1.0,medium,75840,78629,81515
北京,海淀区,2028,2026-06,81982.0,C_public_third_party,1.0,medium,73480,78036,82865
北京,海淀区,2029,2026-06,81982.0,C_public_third_party,1.0,medium,71536,77819,84640
北京,海淀区,2030,2026-06,81982.0,C_public_third_party,1.0,medium,69766,77740,86606
北京,石景山区,2026,2026-06,43644.0,C_public_third_party,0.65,medium,42129,42730,43156
北京,石景山区,2027,2026-06,43644.0,C_public_third_party,0.65,medium,40119,41859,43123
北京,石景山区,2028,2026-06,43644.0,C_public_third_party,0.65,medium,38708,41543,43653
北京,石景山区,2029,2026-06,43644.0,C_public_third_party,0.65,medium,37525,41428,44402
北京,石景山区,2030,2026-06,43644.0,C_public_third_party,0.65,medium,36443,41386,45243
北京,西城区,2026,2026-06,110110.0,C_public_third_party,1.0,medium,106512,107804,109109
北京,西城区,2027,2026-06,110110.0,C_public_third_party,1.0,medium,101860,105607,109483
北京,西城区,2028,2026-06,110110.0,C_public_third_party,1.0,medium,98691,104810,111296
北京,西城区,2029,2026-06,110110.0,C_public_third_party,1.0,medium,96080,104519,113680
北京,西城区,2030,2026-06,110110.0,C_public_third_party,1.0,medium,93703,104412,116320
北京,通州区,2026,2026-06,33834.0,C_public_third_party,0.55,medium,32640,33125,33436
北京,通州区,2027,2026-06,33834.0,C_public_third_party,0.55,medium,31045,32450,33370
北京,通州区,2028,2026-06,33834.0,C_public_third_party,0.55,medium,29917,32206,33740
北京,通州区,2029,2026-06,33834.0,C_public_third_party,0.55,medium,28968,32116,34277
北京,通州区,2030,2026-06,33834.0,C_public_third_party,0.55,medium,28099,32083,34885
北京,门头沟区,2026,2026-06,35671.0,C_public_third_party,0.35,low,34370,34924,35209
北京,门头沟区,2027,2026-06,35671.0,C_public_third_party,0.35,low,32613,34212,35055
北京,门头沟区,2028,2026-06,35671.0,C_public_third_party,0.35,low,31352,33954,35359
北京,门头沟区,2029,2026-06,35671.0,C_public_third_party,0.35,low,30285,33860,35836
北京,门头沟区,2030,2026-06,35671.0,C_public_third_party,0.35,low,29305,33825,36384
北京,顺义区,2026,2026-06,34534.0,C_public_third_party,0.45,medium,33295,33811,34107
北京,顺义区,2027,2026-06,34534.0,C_public_third_party,0.45,medium,31630,33122,33999
北京,顺义区,2028,2026-06,34534.0,C_public_third_party,0.45,medium,30444,32872,34335
北京,顺义区,2029,2026-06,34534.0,C_public_third_party,0.45,medium,29443,32781,34840
北京,顺义区,2030,2026-06,34534.0,C_public_third_party,0.45,medium,28526,32747,35415
重庆,万盛经开区,2026,2026-06,6151.0,C_proxy,0.15,low,5938,6040,6082
重庆,万盛经开区,2027,2026-06,6151.0,C_proxy,0.15,low,5637,5935,6059
重庆,万盛经开区,2028,2026-06,6151.0,C_proxy,0.15,low,5412,5896,6104
重庆,万盛经开区,2029,2026-06,6151.0,C_proxy,0.15,low,5217,5882,6174
重庆,万盛经开区,2030,2026-06,6151.0,C_proxy,0.15,low,5037,5877,6254
重庆,九龙坡区,2026,2026-06,9841.0,C_public_third_party,0.65,low,9528,9664,9760
重庆,九龙坡区,2027,2026-06,9841.0,C_public_third_party,0.65,low,9101,9495,9782
重庆,九龙坡区,2028,2026-06,9841.0,C_public_third_party,0.65,low,8790,9434,9913
重庆,九龙坡区,2029,2026-06,9841.0,C_public_third_party,0.65,low,8525,9411,10087
重庆,九龙坡区,2030,2026-06,9841.0,C_public_third_party,0.65,low,8280,9403,10279
重庆,北碚区,2026,2026-06,9066.0,C_public_third_party,0.55,low,8773,8903,8986
重庆,北碚区,2027,2026-06,9066.0,C_public_third_party,0.55,low,8369,8747,8995
重庆,北碚区,2028,2026-06,9066.0,C_public_third_party,0.55,low,8073,8691,9105
重庆,北碚区,2029,2026-06,9066.0,C_public_third_party,0.55,low,7820,8670,9253
重庆,北碚区,2030,2026-06,9066.0,C_public_third_party,0.55,low,7587,8662,9419
重庆,南岸区,2026,2026-06,11071.0,C_public_third_party,0.75,low,10726,10872,10987
重庆,南岸区,2027,2026-06,11071.0,C_public_third_party,0.75,low,10257,10682,11024
重庆,南岸区,2028,2026-06,11071.0,C_public_third_party,0.75,low,9918,10613,11185
重庆,南岸区,2029,2026-06,11071.0,C_public_third_party,0.75,low,9631,10587,11395
重庆,南岸区,2030,2026-06,11071.0,C_public_third_party,0.75,low,9366,10578,11627
重庆,南川区,2026,2026-06,7097.0,C_proxy,0.25,low,6855,6969,7022
重庆,南川区,2027,2026-06,7097.0,C_proxy,0.25,low,6516,6848,7004
重庆,南川区,2028,2026-06,7097.0,C_proxy,0.25,low,6263,6803,7063
重庆,南川区,2029,2026-06,7097.0,C_proxy,0.25,low,6045,6787,7153
重庆,南川区,2030,2026-06,7097.0,C_proxy,0.25,low,5843,6781,7255
重庆,合川区,2026,2026-06,7192.0,C_proxy,0.3,low,6949,7063,7118
重庆,合川区,2027,2026-06,7192.0,C_proxy,0.3,low,6609,6939,7104
重庆,合川区,2028,2026-06,7192.0,C_proxy,0.3,low,6356,6894,7169
重庆,合川区,2029,2026-06,7192.0,C_proxy,0.3,low,6139,6878,7264
重庆,合川区,2030,2026-06,7192.0,C_proxy,0.3,low,5938,6872,7372
重庆,大渡口区,2026,2026-06,8214.0,C_public_third_party,0.45,low,7943,8066,8137
重庆,大渡口区,2027,2026-06,8214.0,C_public_third_party,0.45,low,7569,7925,8135
重庆,大渡口区,2028,2026-06,8214.0,C_public_third_party,0.45,low,7293,7874,8224
重庆,大渡口区,2029,2026-06,8214.0,C_public_third_party,0.45,low,7056,7855,8349
重庆,大渡口区,2030,2026-06,8214.0,C_public_third_party,0.45,low,6837,7848,8488
重庆,大足区,2026,2026-06,6813.0,C_proxy,0.25,low,6581,6691,6741
重庆,大足区,2027,2026-06,6813.0,C_proxy,0.25,low,6255,6573,6723
重庆,大足区,2028,2026-06,6813.0,C_proxy,0.25,low,6012,6531,6781
重庆,大足区,2029,2026-06,6813.0,C_proxy,0.25,low,5803,6515,6867
重庆,大足区,2030,2026-06,6813.0,C_proxy,0.25,low,5610,6510,6964
重庆,巴南区,2026,2026-06,8087.0,C_public_third_party,0.4,low,7818,7942,8009
重庆,巴南区,2027,2026-06,8087.0,C_public_third_party,0.4,low,7445,7803,8002
重庆,巴南区,2028,2026-06,8087.0,C_public_third_party,0.4,low,7169,7752,8085
重庆,巴南区,2029,2026-06,8087.0,C_public_third_party,0.4,low,6932,7734,8202
重庆,巴南区,2030,2026-06,8087.0,C_public_third_party,0.4,low,6713,7727,8334
重庆,开州区,2026,2026-06,8241.0,C_public_third_party,0.25,low,7960,8093,8154
重庆,开州区,2027,2026-06,8241.0,C_public_third_party,0.25,low,7566,7951,8132
重庆,开州区,2028,2026-06,8241.0,C_public_third_party,0.25,low,7273,7900,8202
重庆,开州区,2029,2026-06,8241.0,C_public_third_party,0.25,low,7019,7881,8306
重庆,开州区,2030,2026-06,8241.0,C_public_third_party,0.25,low,6785,7874,8424
重庆,梁平区,2026,2026-06,6435.0,C_proxy,0.2,low,6214,6319,6365
重庆,梁平区,2027,2026-06,6435.0,C_proxy,0.2,low,5903,6209,6345
重庆,梁平区,2028,2026-06,6435.0,C_proxy,0.2,low,5670,6169,6395
重庆,梁平区,2029,2026-06,6435.0,C_proxy,0.2,low,5470,6154,6472
重庆,梁平区,2030,2026-06,6435.0,C_proxy,0.2,low,5284,6149,6560
重庆,武隆区,2026,2026-06,6151.0,C_proxy,0.15,low,5938,6040,6082
重庆,武隆区,2027,2026-06,6151.0,C_proxy,0.15,low,5637,5935,6059
重庆,武隆区,2028,2026-06,6151.0,C_proxy,0.15,low,5412,5896,6104
重庆,武隆区,2029,2026-06,6151.0,C_proxy,0.15,low,5217,5882,6174
重庆,武隆区,2030,2026-06,6151.0,C_proxy,0.15,low,5037,5877,6254
重庆,永川区,2026,2026-06,7759.0,C_proxy,0.4,low,7501,7620,7684
重庆,永川区,2027,2026-06,7759.0,C_proxy,0.4,low,7143,7486,7678
重庆,永川区,2028,2026-06,7759.0,C_proxy,0.4,low,6878,7438,7757
重庆,永川区,2029,2026-06,7759.0,C_proxy,0.4,low,6651,7420,7870
重庆,永川区,2030,2026-06,7759.0,C_proxy,0.4,low,6441,7414,7996
重庆,江北区,2026,2026-06,14289.0,C_public_third_party,0.95,low,13860,14032,14198
重庆,江北区,2027,2026-06,14289.0,C_public_third_party,0.95,low,13286,13787,14280
重庆,江北区,2028,2026-06,14289.0,C_public_third_party,0.95,low,12879,13698,14523
重庆,江北区,2029,2026-06,14289.0,C_public_third_party,0.95,low,12535,13665,14831
重庆,江北区,2030,2026-06,14289.0,C_public_third_party,0.95,low,12220,13653,15169
重庆,江津区,2026,2026-06,7570.0,C_proxy,0.4,low,7318,7434,7497
重庆,江津区,2027,2026-06,7570.0,C_proxy,0.4,low,6969,7304,7491
重庆,江津区,2028,2026-06,7570.0,C_proxy,0.4,low,6711,7257,7568
重庆,江津区,2029,2026-06,7570.0,C_proxy,0.4,low,6489,7239,7678
重庆,江津区,2030,2026-06,7570.0,C_proxy,0.4,low,6284,7233,7801
重庆,沙坪坝区,2026,2026-06,10409.0,C_public_third_party,0.75,low,10084,10222,10330
重庆,沙坪坝区,2027,2026-06,10409.0,C_public_third_party,0.75,low,9643,10043,10365
重庆,沙坪坝区,2028,2026-06,10409.0,C_public_third_party,0.75,low,9325,9978,10516
重庆,沙坪坝区,2029,2026-06,10409.0,C_public_third_party,0.75,low,9055,9954,10714
重庆,沙坪坝区,2030,2026-06,10409.0,C_public_third_party,0.75,low,8806,9946,10931
重庆,涪陵区,2026,2026-06,8043.0,C_proxy,0.4,low,7776,7898,7965
重庆,涪陵区,2027,2026-06,8043.0,C_proxy,0.4,low,7404,7760,7959
重庆,涪陵区,2028,2026-06,8043.0,C_proxy,0.4,low,7130,7710,8041
重庆,涪陵区,2029,2026-06,8043.0,C_proxy,0.4,low,6894,7692,8158
重庆,涪陵区,2030,2026-06,8043.0,C_proxy,0.4,low,6676,7685,8289
重庆,渝中区,2026,2026-06,15424.0,C_public_third_party,1.0,low,14965,15147,15330
重庆,渝中区,2027,2026-06,15424.0,C_public_third_party,1.0,low,14354,14882,15428
重庆,渝中区,2028,2026-06,15424.0,C_public_third_party,1.0,low,13923,14786,15700
重庆,渝中区,2029,2026-06,15424.0,C_public_third_party,1.0,low,13560,14750,16043
重庆,渝中区,2030,2026-06,15424.0,C_public_third_party,1.0,low,13226,14737,16418
重庆,渝北区,2026,2026-06,13059.0,C_public_third_party,0.9,low,12663,12824,12972
重庆,渝北区,2027,2026-06,13059.0,C_public_third_party,0.9,low,12131,12600,13039
重庆,渝北区,2028,2026-06,13059.0,C_public_third_party,0.9,low,11752,12518,13253
重庆,渝北区,2029,2026-06,13059.0,C_public_third_party,0.9,low,11432,12489,13526
重庆,渝北区,2030,2026-06,13059.0,C_public_third_party,0.9,low,11138,12478,13826
重庆,潼南区,2026,2026-06,6435.0,C_proxy,0.2,low,6214,6319,6365
重庆,潼南区,2027,2026-06,6435.0,C_proxy,0.2,low,5903,6209,6345
重庆,潼南区,2028,2026-06,6435.0,C_proxy,0.2,low,5670,6169,6395
重庆,潼南区,2029,2026-06,6435.0,C_proxy,0.2,low,5470,6154,6472
重庆,潼南区,2030,2026-06,6435.0,C_proxy,0.2,low,5284,6149,6560
重庆,璧山区,2026,2026-06,8327.0,C_proxy,0.55,low,8058,8177,8254
重庆,璧山区,2027,2026-06,8327.0,C_proxy,0.55,low,7687,8034,8262
重庆,璧山区,2028,2026-06,8327.0,C_proxy,0.55,low,7415,7982,8363
重庆,璧山区,2029,2026-06,8327.0,C_proxy,0.55,low,7183,7963,8499
重庆,璧山区,2030,2026-06,8327.0,C_proxy,0.55,low,6968,7956,8651
重庆,綦江区,2026,2026-06,6624.0,C_proxy,0.2,low,6396,6505,6552
重庆,綦江区,2027,2026-06,6624.0,C_proxy,0.2,low,6076,6391,6531
重庆,綦江区,2028,2026-06,6624.0,C_proxy,0.2,low,5837,6350,6583
重庆,綦江区,2029,2026-06,6624.0,C_proxy,0.2,low,5630,6335,6662
重庆,綦江区,2030,2026-06,6624.0,C_proxy,0.2,low,5439,6329,6753
重庆,荣昌区,2026,2026-06,6813.0,C_proxy,0.25,low,6581,6691,6741
重庆,荣昌区,2027,2026-06,6813.0,C_proxy,0.25,low,6255,6573,6723
重庆,荣昌区,2028,2026-06,6813.0,C_proxy,0.25,low,6012,6531,6781
重庆,荣昌区,2029,2026-06,6813.0,C_proxy,0.25,low,5803,6515,6867
重庆,荣昌区,2030,2026-06,6813.0,C_proxy,0.25,low,5610,6510,6964
重庆,铜梁区,2026,2026-06,6813.0,C_proxy,0.25,low,6581,6691,6741
重庆,铜梁区,2027,2026-06,6813.0,C_proxy,0.25,low,6255,6573,6723
重庆,铜梁区,2028,2026-06,6813.0,C_proxy,0.25,low,6012,6531,6781
重庆,铜梁区,2029,2026-06,6813.0,C_proxy,0.25,low,5803,6515,6867
重庆,铜梁区,2030,2026-06,6813.0,C_proxy,0.25,low,5610,6510,6964
重庆,长寿区,2026,2026-06,7381.0,C_proxy,0.3,low,7131,7248,7305
重庆,长寿区,2027,2026-06,7381.0,C_proxy,0.3,low,6783,7122,7290
重庆,长寿区,2028,2026-06,7381.0,C_proxy,0.3,low,6524,7075,7357
重庆,长寿区,2029,2026-06,7381.0,C_proxy,0.3,low,6300,7059,7455
重庆,长寿区,2030,2026-06,7381.0,C_proxy,0.3,low,6094,7052,7565
重庆,黔江区,2026,2026-06,6624.0,C_proxy,0.2,low,6396,6505,6552
重庆,黔江区,2027,2026-06,6624.0,C_proxy,0.2,low,6076,6391,6531
重庆,黔江区,2028,2026-06,6624.0,C_proxy,0.2,low,5837,6350,6583
重庆,黔江区,2029,2026-06,6624.0,C_proxy,0.2,low,5630,6335,6662
重庆,黔江区,2030,2026-06,6624.0,C_proxy,0.2,low,5439,6329,6753
